word;freq
chase;2231
good;1097
pound;1039
coalition;1011
enterprise;601
security;541
venezuela;539
blockchain;539
technology;524
partners;522
bond;507
rating;438
growth;428
bank;406
index;370
job;356
income;347
career;344
seeing;324
large;324
society;323
parts;321
opportunities;319
seconds;291
hours;282
hedge;282
lawyers;281
markets;279
dimon;264
platform;259
jpm;258
machinelearning;256
emerging;255
going;250
demand;250
new;246
million;240
ceo;236
integrate;233
fund;232
complete;230
calls;227
shares;217
man;213
tech;210
found;209
buy;205
heads;205
debt;204
glg;204
pwc;204
neutral;203
chasevoice;197
build;196
economist;186
jamie;185
tmtboston;185
ideas;182
investors;181
trump;178
ubs;175
seven;175
finance;167
indexes;166
banks;165
morgan;163
now;162
jpms;159
cuts;159
stake;159
exclude;158
breaking;158
summer;157
overweight;154
harvard;154
business;154
group;153
detroit;150
hausmann;147
privacy;147
position;147
fintech;146
find;145
work;144
added;142
harvards;141
jobs;139
news;137
reiterated;136
ledger;134
may;133
distributed;133
‚Äúquorum‚Äù;133
american;130
change;129
city;127
never;124
stocks;121
see;121
corp;121
teens;121
market;120
oil;116
express;115
price;114
jpmorgans;110
financial;110
motor;110
headtohead;110
bitcoin;108
investment;107
global;107
investindetroit;107
major;106
thus;106
wants;106
massive;105
credit;104
story;103
upgraded;103
media;103
lack;103
stock;102
dropping;102
alarm;100
year;100
surprised;100
bonds;98
just;96
plc;96
travel;96
bombshell;96
embi;95
luxury;94
companies;93
support;92
corporate;91
loan;91
former;89
rewards;89
given;88
today;88
forecast;88
machine;86
target;86
hunger;86
asks;86
headlines;86
fraud;85
conference;85
officer;85
learning;84
take;84
use;84
illustrates;82
mortgage;82
raised;81
telecom;78
director;78
guilty;78
silver;77
like;76
risk;76
brent;76
citys;76
revival;76
barclays;76
pleads;76
qualcomm;76
challenge;75
coindesk;75
end;75
next;74
flow;74
crisis;73
gbx;73
big;71
alawwal;71
artist;71
great;70
behind;70
card;70
scheme;70
sounds;69
warns;69
barrel;69
zec;69
guide;68
ahead;68
picks;68
one;68
detroit‚Äôs;68
read;68
size;67
merger;67
driving;67
advise;65
need;65
quarter;65
saudis;64
bought;64
local;64
rbs;64
hsbc;64
goldman;63
summit;63
zero;63
boom;63
acquisition;63
thanks;62
come;62
impact;62
fbi;62
analysts;61
likely;61
holdings;61
get;61
angeles;61
coutts;61
los;61
embraced;61
getting;59
revitalization;59
native;58
bondtrading;58
shareholders;57
benefit;57
via;57
bankers;56
investing;56
parliament;55
digital;55
fed;55
due;55
national;55
probably;55
explains;54
back;54
sold;54
tells;54
opec;54
hung;53
people;53
learn;53
maybe;53
since;53
latest;52
think;52
sachs;52
what‚Äôs;52
businesses;52
event;52
preparing;52
edu;52
cfo;51
time;51
billion;51
advance;51
reputation;51
bloomberg;50
dont;50
high;50
wins;50
geopolitical;50
office;50
spike;50
award;50
bill;50
key;49
upgrades;49
international;49
used;49
sponsored;49
years;49
leaders;49
edtech;49
brexit;48
murphy;48
apple;48
aacsb;48
bschool;48
digped;48
mba;48
prestigious;48
queens;48
friar;47
sarah;47
china;47
plcs;47
partnered;47
globaled;47
want;46
remove;46
mind;46
‚Äúoverweight‚Äù;46
point;46
balance;46
services;46
nxp;46
highest;46
watch;45
sources;45
pvh;45
future;45
we‚Äôre;45
wall;45
worried;45
outweighs;45
potential;45
central;44
consider;44
small;44
coming;44
feature;44
defstar;44
makeyourownlane;44
mpgvip;44
dealmaking;44
arab;44
spring;44
fear;44
features;43
ripple;43
solutions;43
‚Äôs;43
top;43
h‚Ä;43
quorum;43
training;43
ethereum;43
diehard;43
lapd;43
street;42
still;42
cohesion;42
ease;42
speed;42
t‚Ä;42
european;42
around;42
management;41
dependability;41
‚Äúsellers;41
cities;41
fnb;41
coverage;40
put;40
join;40
become;40
company;40
money;40
receives;40
understand;40
http‚Ä;39
banking;39
sells;39
reason;39
daily;39
forbes;39
huge;39
experiences;38
klein;38
started;38
fuel;38
reaffirmed;38
taps;38
remember;38
choice;38
source;38
deasy;38
earns;37
wrong;37
mobility;37
much;37
landscape;37
lloydsbank;37
owner;37
bad;36
rest;36
data;36
flexible;36
you‚Äôre;36
‚Äúbe;36
private;36
lowered;36
economic;36
congratulations;36
capital;36
calvin;36
about‚Äù;35
passionate;35
thinks;35
e‚Ä;35
hear;35
discuss;35
provide;35
transcript;35
commits;35
pvhs;35
outlook;35
adopting;35
disagreements;35
another;34
head;34
according;34
‚Äúneutral‚Äù;34
post;34
close;34
expected;34
education;34
space;34
create;34
changing;34
inflation;34
layer;34
really;33
worth;33
vice;33
gap;33
blast;33
chicago;33
jpmcc;33
looking;33
many;33
check;33
economists;33
across;33
fantas‚Ä;33
tory;32
defund;32
sands;32
tar;32
empower;32
partnership;32
trust;32
‚Äúwe;32
raises;32
week;32
chairman;32
set;32
llc;32
burdening;32
crowding;32
generations;32
sounding;32
thank;32
mck;32
enjoy;32
simple;32
stephen;32
things;31
govt;31
hiring;31
view;31
using;31
trading;31
gets;31
skills;31
make;31
video;31
whats;31
momo;31
finan‚Ä;31
program;31
divestment;31
content;31
yahoo;31
open;31
consensus;31
‚Äúpetrified‚Äù;31
photos;31
windy;31
presents;31
lose;30
britaingtgta;30
skynews;30
reiterates;30
evaporate;30
negative;30
day;30
start;30
last;30
silicon;30
commitment;30
reaffirms;30
jack;30
southernfail;30
months;30
sheet;30
youth;30
pain;30
trusted;30
tories;29
army;29
even;29
first;29
boston;29
btc;29
jpmorgan‚Ä;29
innovation;29
month;29
past;29
bankchain;29
endorsed;29
setup;29
unprovable;29
launch;28
autos;28
funds;28
pay;28
young;28
panel;28
including;28
cutler;28
explore;27
options;27
valley;27
vote;27
helps;27
tell;27
dorsey;27
cost;27
must;27
transactions;26
prof;26
that‚Äôs;26
gender;26
acquires;26
biotechnology;26
boosts;26
well;26
keeps;26
pbyi;26
increased;26
downgraded;26
annual;26
india;26
speaking;26
retailers;26
summerjobs;26
automate;25
developers;25
marshals;25
asset;25
htt‚Ä;25
others;25
industry;25
energy;25
increases;25
traders;25
careers;25
register;25
london;25
dublin;25
initiated;25
buys;25
call;25
line;25
report;24
sees;24
better;24
wealth;24
lower;24
acn;24
five;24
sales;24
building;24
lloyds;24
skillsbased;24
badly;23
partner;23
interview;23
discusses;23
ltd;23
free;23
citigroup;23
highlights;23
total;23
scryy;23
programme;23
saica;23
moving;23
detroiters;23
moneys;23
adding;23
qcom;23
banks‚Äô;23
lenders;23
extension;23
positive‚Äô;23
‚Äòprice;23
reform;23
regulatory;23
meeting;22
exciting;22
way;22
less;22
xrp;22
‚Äúbuy‚Äù;22
stanley;22
workers;22
fii;22
world;22
invests;22
development;22
changed;22
beat;22
accessible;22
attempt;22
bigbox;22
kill;22
provision;22
tln;22
biglawsummit;22
excited;21
member;21
date;21
weekly;21
thoughts;21
puma;21
tsu;21
zerohedge;21
lyft;21
tax;21
recovery;21
cloud;21
economy‚Äù;21
tools;21
dana;21
analytics;20
working;20
strategy;20
hedgefunds;20
zooko;20
documents;20
reviews;20
lowers;20
rate;20
keep;20
beer;20
allianz;20
reuters;20
means;20
rtrs;20
verizon;20
cryptocurrency;20
jbht;20
adds;20
flub;20
billions;20
enterprisegrade;20
markedly;20
payment;19
say;19
enq;19
enquest;19
reach;19
tim;19
white;19
accounting;19
also;19
occupiers;19
rising;19
searches;19
live;19
hubg;19
congrats;19
mckesson;19
card‚Ä;19
core;19
ready;19
weve;19
creditors;19
boost;19
mcadam;19
bigdata;18
code;18
employment;18
ricardo;18
making;18
ishares;18
holding;18
drop;18
fees;18
nbix;18
compared;18
ht‚Ä;18
funding;18
something;18
underweight;18
etf;18
bullish;18
ems;18
dirtyharry;18
sfpd;18
jbss;18
scandalridden;18
reasons;17
ascenddc;17
give;17
lead;17
smallbiz;17
keeping;17
insider;17
matter;17
know;17
success;17
forward;17
errorprone;17
vacation;17
research;17
retail;17
pledges;17
house;17
bringing;17
grant;17
europe;17
pstg;17
swipe;17
th‚Ä;17
planning;17
participacoes;17
average;17
lifted;17
ecl;17
scor;17
political;17
backersofhate;17
forecasts;17
almost;17
mampa;17
materials;17
purchases;17
cldr;17
hunt;17
transport;17
welfare;17
csco;17
amd;17
mary;17
headlines‚Äù;17
‚Äúany;17
crypto;17
continuously;17
innovating;17
lowell;17
gold;16
strategies;16
disrupts;16
examines;16
wide;16
snps;16
real;16
cyber;16
run;16
network;16
value;16
please;16
easy;16
together;16
interest;16
share;16
goldmansachs;16
home;16
presentation;16
developer;16
sec;16
college;16
dollar;16
equity;16
makes;16
move;16
hometown;16
impacted;16
resilient;16
incredible;16
usa;16
tesla;16
best;16
hub;16
celg;16
retirement;16
increase;16
marks;16
mnkd;16
liked;16
current;16
clevel;16
discussions;16
wave;16
midjune;16
labour;15
partnerships;15
lot;15
forex;15
times;15
gem;15
friends;15
earnings;15
per;15
plan;15
avh;15
biosciences;15
neurocrine;15
applied;15
part;15
needs;15
production;15
york;15
buying;15
microsoft;15
necessary;15
cisco;15
petrified;15
city‚Äôs;15
midtown;15
neighborhood;15
spurring;15
wfc;14
class;14
supporting;14
ascend;14
illegal;14
standing;14
interesting;14
largest;14
sell;14
advice;14
said;14
nasdaq;14
account;14
coin;14
form;14
corporatechallenge;14
eth;14
gle;14
twlo;14
associate;14
entrepreneurs;14
reduce;14
shrinks;14
taper;14
let;14
owners;14
ncsm;14
heres;14
higher;14
food;14
reveal;14
announcement;14
pharmaceuticals;14
madhu;14
namburi;14
rebirth;14
school;13
thrilled;13
election;13
britain;13
blocking;13
gonna;13
thankfully;13
payments;13
days;13
allison;13
pure;13
decent;13
estate;13
federated;13
senior;13
lol;13
equities;13
shee‚Ä;13
securities;13
graduates;13
discussing;13
lawyer;13
barc;13
look;13
members;13
yawns;13
gary;13
period;13
azn;13
app;13
re‚Ä;13
announced;13
systems;13
realty;13
shrinking;13
fabulous;13
friars;13
terrific;13
eyes;13
startups;13
ultrashort;13
happen;13
advanced;13
cio;13
sectors;13
law;12
zcas‚Ä;12
president;12
theres;12
love;12
ibb;12
lgbt;12
sign;12
properties;12
cant;12
opportunity;12
managing;12
right;12
deutsche;12
women;12
cap;12
david;12
ecolab;12
offices;12
avianca;12
article;12
smmes;12
analyst;12
luxury‚Ä;12
counsel;12
amazing;12
dream;12
takes;12
tomorrow;12
speak;12
etc;12
pennsylvania;12
cloudera;12
dickerson;12
semiconductors;12
stop;12
ago;12
‚Äúlarge;12
system;12
rates;12
happy;12
night;12
student;12
continue;12
comeback;12
java;12
late;12
‚Äú;12
devices;12
micro;12
signals;12
authorities;12
israeli;12
hack;12
role;11
manager;11
to‚Ä;11
isnt;11
eye;11
i‚Ä;11
review;11
tuesday;11
underwriting;11
students;11
problem;11
nice;11
brazil;11
prices;11
long;11
introduce;11
sampp;11
blackrock;11
always;11
programs;11
details;11
thats;11
remain;11
initiates;11
educational;11
interns;11
opportunity‚Äù;11
‚Äústudents;11
experts;11
fiscal;11
gemd;11
jpmorga‚Ä;11
tsla;11
healthcare;11
tonight;11
lets;11
tgt;11
univest;11
update;11
display;11
tmtbosto‚Ä;11
looks;11
alert;11
decreased;11
yeah;11
thing;11
show;11
reduced;11
brewing;11
proud;11
trade;11
got;11
melissa;11
full;11
adrian;11
inflows;11
ingredients;11
pieces;11
yesterday;11
normalized‚Äô;11
‚Äòfully;11
begin;11
winning;11
sponsor;11
wfs;11
stage;11
perpetrator;11
entertaining;11
subscribe;11
optimistic;11
withdraw;10
plus;10
infosec;10
accelerator;10
supports;10
america;10
podcast;10
execs;10
chevron;10
invest;10
two;10
talents;10
targeting;10
storage;10
diamonds;10
sports;10
performance;10
exclusive;10
spoke;10
twilio;10
tampa;10
awards;10
recent;10
joins;10
revolution;10
deal;10
dealtrends‚Ä;10
expect;10
managers;10
reports;10
action;10
chases;10
hosted;10
heard;10
licence;10
rptjpmorgan;10
by‚Ä;10
left;10
land;10
fox;10
earlier;10
exposing;10
sure;10
application;10
all‚Äù;10
realestate;10
volume;10
covered;10
intel;10
bottom;10
profit;10
western;10
effect;10
amazon;10
shes;10
translatina;10
june;10
costs;10
mowat;10
yearsofmodi;10
aviva;10
control;10
additional;10
evidence;10
induce;10
reducing;10
december;10
alxn;10
movie;10
starting;10
powerful;10
glad;10
quick;10
serves;10
cleveland;10
steemit;10
changes;10
makers;10
cdw;10
leads;10
optimism;10
somewhat;9
send;9
welcome;9
longterm;9
chaos;9
leadership;9
related;9
convo;9
publicprivate;9
saudi;9
forget;9
rich;9
might;9
at‚Ä;9
smart;9
talking;9
todays;9
course;9
follow;9
decreases;9
boosted;9
cerbat;9
name;9
strengthen;9
google;9
kicking;9
firms;9
visa;9
minority;9
every;9
succeed;9
impressed;9
clients;9
beats;9
gop;9
walmart;9
morganstanley;9
forum;9
recap;9
generale;9
dim‚Ä;9
seen;9
cos;9
techtown;9
reduces;9
technologies;9
helping;9
raise;9
involved;9
april;9
reading;9
clsa;9
multistage;9
ncs;9
running;9
environment;9
operations;9
agony;9
prolong;9
mexico;9
at‚;9
finance‚Ä;9
hard;9
treasury;9
initiative;9
currency;9
made;9
search;9
loans;9
mannkind;9
upgrade;9
nokia;9
continued;9
health;9
steptember;9
towards;9
alexion;9
donate;9
mobile;9
abt;9
efforts;9
folks;9
philanthropic;9
sofla;9
jpmorganchase;9
tmt;9
collaboration;9
reflecting;9
revised;9
weaker;9
btg;9
alfred;9
kelly;9
visas;9
mastercard;9
integration;9
sentencing;9
positive;8
bac;8
guys;8
bet;8
implications;8
weeks;8
articles;8
rally;8
called;8
anonymous;8
djia;8
b‚Ä;8
care;8
attention;8
project;8
industries;8
lost;8
synopsys;8
saying;8
fantastic;8
sorry;8
isnpy;8
number;8
substantially;8
diligence;8
selecting;8
theukedge;8
everyone;8
sourcesoffshore;8
stockbroker‚;8
educated;8
virtually;8
without;8
shows;8
creditsuisse;8
pbio;8
weild;8
federal;8
develop;8
alliance;8
networks;8
adopt;8
societe;8
outperform;8
shifts;8
yushavia;8
general;8
zooplus;8
banker;8
ball;8
petition;8
physician;8
brands;8
fortune;8
slow;8
committed;8
pharma;8
sun;8
celgene‚Äôs;8
breeze;8
altcoins;8
sponsors;8
airbus;8
ead;8
bigger;8
portfolio;8
all‚Ä;8
settle;8
yearend;8
leading;8
gdp;8
scandal;8
moral;8
communities;8
correction;8
hit;8
impressive;8
veteran;8
benefits;8
represent;8
race;8
goes;8
slashes;8
doubled;8
hospitals;8
schools;8
adults;8
governing;8
hyperledger;8
nex;8
stimulus‚Äù;8
valuable;8
entethalliance;8
teen;8
chasing;8
leo;7
kid;7
ask;7
futures;7
wind;7
broker;7
for‚Ä;7
government;7
resources;7
revitalizing;7
entreprene‚Ä;7
british;7
interested;7
teams;7
social;7
legal;7
disconcerting;7
losing;7
hold;7
partnering;7
intesa;7
sanpaolo;7
spa;7
biz;7
link;7
jbs;7
runners;7
poor;7
life;7
owned;7
volatility;7
israel;7
brief;7
expand;7
impossible;7
skilled;7
fargo;7
wells;7
john;7
already;7
jpmorgan‚Äôs;7
revenue;7
wallstreet;7
a‚Ä;7
color;7
lie;7
suggest;7
participants;7
strategists;7
limited;7
maga;7
despite;7
goahead;7
gog;7
stck;7
union;7
mainland;7
cash;7
fast;7
rainforest;7
competition;7
coupon;7
gtgt;7
ltlt;7
oath;7
rides;7
xrim;7
opening;7
veterans;7
homes;7
programmes;7
continues;7
stay;7
address;7
conf;7
listen;7
hacker;7
ag‚Äôs;7
chaffey;7
pag;7
retweeted;7
collaborate;7
neighborhoods;7
final;7
astrazeneca;7
advisors;7
monday;7
ampamp;7
payouts;7
steve;7
cruise;7
nclh;7
norwegian;7
list;7
bro;7
planned;7
screwed;7
contribution;7
win;7
defundtarsands;7
cv‚Ä;7
didnt;7
factors;7
yahoofinance;7
sense;7
happening;7
toll;7
true;7
sick;7
feds;7
intl;7
stars;7
engineer;7
remains;7
modest;7
hnr;7
byg;7
svt;7
dge;7
expansion;7
property;7
indonesia;7
mistake;7
grads;7
amzn;7
livesquawk;7
consortium;7
downgrades;7
con‚Ä;7
soramitsu;7
cir;7
theyll;7
hsv;7
relationship;7
beagreatleader;7
redshoetuesday;7
history;7
nason;7
ultimate;7
welcomes;7
bridges;7
pool;7
videos;7
wat;7
highly;7
leveraging;7
rule;7
delrayman;7
hour;6
four;6
special;6
track;6
winners;6
clearly;6
japan;6
led;6
community;6
regime;6
venezuela‚Äôs;6
houston;6
tower;6
university;6
default;6
customers;6
offer;6
dow;6
contract;6
selected;6
near;6
lori;6
nimble;6
analysis;6
c‚Ä;6
votelabour;6
issues;6
steinhoff;6
official;6
intelligence;6
limiteds;6
gtm;6
soon;6
yushavi‚Ä;6
james;6
gan;6
experience;6
seo;6
teck;6
legacy;6
dominate;6
rocks;6
equipment;6
charges;6
sie;6
isp;6
bbns;6
piece;6
states;6
stability;6
saving;6
retweet;6
done;6
region;6
sound;6
axa;6
attendees;6
deep;6
uniquely;6
legaljobs;6
amsl;6
se‚Äôs;6
sas;6
stanleys;6
groups;6
ags;6
vna;6
risks;6
taking;6
motlapule;6
dynamics;6
acco;6
war;6
sponsorship;6
idea;6
nearly;6
youre;6
worlds;6
launches;6
backed;6
naidoo;6
drive;6
brokerages;6
knowledge;6
chenavari;6
invited;6
morning;6
theeconomist;6
unemployment;6
green;6
nysejpm;6
spy;6
meets;6
access;6
columbus;6
yields;6
gangraped;6
silently;6
suffer;6
accounts;6
chris;6
defined;6
today‚Äôs;6
mil;6
france;6
defundkxl;6
twitter;6
cover;6
wednesday;6
tokens;6
covering;6
flowing;6
juices;6
ranch;6
wish;6
tho;6
along;6
becausey;6
forabetterus;6
ymca;6
kar;6
bancorp;6
businessleaders;6
believe;6
foreign;6
republicans;6
caps;6
rolloff;6
gives;6
pushing;6
upward;6
paycheck;6
model;6
answer;6
fiat;6
upside;6
politics;6
staff;6
corrupt;6
water;6
held;6
triple;6
faster;6
interviewed;6
tomorrows;6
presenting;6
rise;6
wdc;6
premarket;6
santander;6
lsgof;6
users;6
pitch;6
car;6
owners‚Ä;6
treasurers;6
kickstarter;6
madeindetroit;6
vcsh;6
sren;6
eto;6
shb;6
dlar;6
glen;6
avv;6
minute;6
aiming;6
cle;6
mplx;6
infuse;6
womens;6
fixed;6
wireless;6
zecripple;6
yield;6
revise;6
upheaval;6
press;5
causes;5
hires;5
venture;5
population;5
edge;5
midstream;5
approach;5
fuck;5
announce;5
texas;5
business‚Ä;5
humanrights;5
violati‚Ä;5
quality;5
barrios;5
qampa;5
via‚Ä;5
bonus;5
bring;5
marketing;5
strong;5
outsmart;5
metric;5
jpmor‚Ä;5
venezuelans;5
eqt;5
incorporated;5
deliver;5
closing;5
least;5
important;5
strategic;5
mainstream;5
grateful;5
stamp;5
toward;5
perspectives;5
alerts;5
bills;5
medical;5
pace;5
sector;5
merchant;5
chase‚Ä;5
cib;5
credits;5
exnomura;5
maryland;5
offshore;5
finances;5
locking;5
children;5
sefa;5
employer;5
thezerohedge;5
mean;5
tomtom;5
waymo;5
country;5
assisted;5
client;5
saudi‚Äôs;5
plc‚Äôs;5
exxon;5
makunyane;5
advisor;5
shit;5
atention;5
dealtrends;5
military;5
minutes;5
heat;5
perfect;5
closely;5
saw;5
citicut;5
downgrade;5
possible;5
special‚Ä;5
step;5
restaurant;5
spot;5
twtr;5
happens;5
arrested;5
talks;5
slide;5
tackling;5
assurance;5
brooklyn;5
someone;5
stoc‚Ä;5
xlf;5
inspiring;5
pcmsummit;5
visit;5
nwo;5
yrs‚Ä;5
paid;5
havent;5
captrust‚Äôs;5
kulick;5
seeking;5
petro;5
associates;5
pension;5
based;5
heroes;5
atlanta;5
defundtransmountain;5
dirtiest;5
forms;5
becomes;5
aka;5
lawsuit;5
miami;5
oceanskyhomes;5
ultraluxury;5
millions;5
tmobile;5
jfc;5
isn‚Äôt;5
stamps;5
don‚Äôt;5
wow;5
som‚Ä;5
evening;5
smallcap;5
grounds;5
place;5
hits;5
bullion;5
apply;5
navient;5
beautiful;5
west;5
park;5
lives;5
filled;5
yellow;5
weekend;5
rtn;5
centene;5
cnc;5
mad;5
capping;5
feedly;5
maintains;5
sides;5
bcbsilmoves;5
bib;5
bottle;5
maestronite;5
swag;5
spending;5
shareholder;5
entrepreneur;5
participate;5
durbin;5
associated;5
construction;5
introduces;5
jon;5
lindsey;5
info;5
pls;5
charge;5
electric;5
spend;5
fomc;5
focus;5
banco;5
brasil;5
bsbr;5
unusually;5
aussie;5
design;5
rbc;5
quotes;5
cutler‚Ä;5
goal;5
etfsbyjpmam;5
stronger;5
morgans;5
smallbusiness;5
proven;5
sadax;5
competing;5
holders;5
illegals;5
icymi;5
bolster;5
paying;5
emily;5
whiting;5
warsaw;5
blockchain‚;5
domino;5
diamond;5
streets;5
case;5
startup;5
btcdave;5
blockchannelrt;5
wikileaks;5
nod;5
roundtable;5
aims;5
workforce;5
surprising;5
jpst;5
csr;5
stephenson;5
mark;5
diw;5
difference;5
bitcoins;5
cmcsa;5
comcast;5
round;5
oneworldwomen;5
votesnp;4
leoni;4
steady;4
bff;4
cofounder;4
spent;4
faculty;4
ctricot;4
actually;4
centreleft;4
lessons;4
candidate;4
feel;4
cybersecurity;4
minorityowned;4
equities‚Ä;4
orange;4
mins;4
ads;4
actress;4
broadway;4
featured;4
immersive;4
magic;4
musical;4
musician;4
corbyn;4
face;4
blue;4
ohio;4
probability;4
checking;4
fdic;4
donald;4
prisons;4
license;4
wage;4
blog;4
cnnmoney;4
away;4
accused;4
believes;4
theones‚Ä;4
brokers;4
amp‚Ä;4
wait;4
corporationÊ;4
goldmansucks;4
underlying;4
transfer;4
concern;4
serving;4
diarioh;4
oott;4
short;4
old;4
reactions;4
paylocity;4
pcty;4
almodovar;4
priscilla;4
recover;4
facebook;4
hello;4
guidance;4
definitely;4
jpmorganfunds;4
original;4
budget;4
backyard;4
belong;4
from‚Ä;4
moore;4
singapore;4
operator;4
dump;4
break;4
investments;4
savings;4
essentials;4
jumps;4
makhuvha;4
stable;4
upcoming;4
stand;4
esp;4
secured;4
supported;4
wont;4
disruption;4
though;4
returns;4
mmi;4
eptri;4
tsco;4
nyt;4
lauren;4
ralph;4
spirits;4
ensure;4
cinemark;4
automation;4
rothschild;4
executive;4
obama;4
police;4
clean;4
wonderful;4
eng;4
assistant;4
careerarc;4
springfield;4
fbhs;4
martin;4
pick;4
match;4
colm;4
douglas;4
plow;4
cms;4
person;4
successful;4
iphone;4
corporation;4
hint;4
officially;4
saica‚Äôs;4
unit;4
s‚Ä;4
smp;4
meaningful;4
tgt‚Ä;4
biotechnologys;4
contracts;4
talk;4
tmus;4
reminder;4
stillwater;4
biotechnology‚Äôs;4
managed;4
seattle;4
paragon;4
dubai;4
tickets;4
deals;4
aal;4
anyone;4
afford;4
the‚Ä;4
specialist;4
foia;4
bitcoinchannel;4
exit;4
doesnt;4
and‚Ä;4
txhd;4
vetr;4
glaxosmithkline;4
busi‚Ä;4
wpp;4
service;4
policy;4
tcot;4
stockmarketinsights;4
crazy;4
internship;4
epernay;4
heath;4
minis;4
side;4
fugitive;4
fundraising;4
leave;4
bribery;4
genderwagegap;4
black;4
caused;4
manipulating;4
favorable;4
hey;4
chinese;4
state;4
y‚Ä;4
valuation;4
theyre;4
wanna;4
wealthy;4
arrived;4
shirts;4
teamnyu;4
defender;4
grub;4
grubhub;4
horizon;4
phone;4
awesome;4
everything;4
colleagues;4
purpose;4
teemship;4
cnbc;4
enhance;4
selling;4
campus;4
joined;4
bulldog;4
socialize;4
subsidies;4
‚Äúoutperform‚Äù;4
turnout;4
supporters;4
tent;4
debitcard;4
hannover;4
rueck;4
allied;4
fiveyear;4
comes;4
severn;4
trent;4
diageo;4
falls;4
ways;4
asap;4
foreclosure;4
seek;4
auto;4
tyl;4
tyler;4
creating;4
sweet;4
traffic;4
luck;4
plans;4
chasecorporatecha‚Ä;4
bulletin;4
avln;4
decision;4
slides;4
exacerbated;4
note;4
selloff;4
backs;4
campaign;4
wmt;4
effort;4
etterlee;4
mortgagefree;4
moodys;4
cryptocoinsnews;4
outpacing;4
campbell;4
nix;4
plastic;4
votes;4
connection;4
pride;4
center;4
examine;4
taxfriendly;4
yet;4
blk;4
room;4
chair;4
liquidity;4
as‚Ä;4
whole;4
sbjawards;4
vwr;4
bombshell‚;4
perhaps;4
ameritrade;4
amtd;4
broadband;4
cut‚Ä;4
innovators;4
practical;4
play;4
traded;4
complicity;4
exports;4
michael;4
degrees;4
recommendations;4
circassia;4
vmrxx;4
adv;4
forte;4
places;4
arent;4
pharmaceutical;4
rethinking;4
homeserve;4
entertainment;4
monero;4
incy;4
incyte;4
‚Äúi;4
electronic;4
agile;4
discover;4
ferrari;4
kim;4
kimco;4
globalcapitalawards;4
metal;4
news‚;4
tmtboston‚Ä;4
financed;4
derivatives;4
steem;4
nationwide;4
easyjet;4
previous;4
closes;4
traceable;4
curate;4
randall;4
warner;4
area;4
grp;4
oriental;4
epam;4
aptargroup;4
atr;4
mid;4
strength;4
wkdev;4
snap;4
boeing;4
faith;4
midday;4
videos‚Ä;4
entreprise;4
nxpi;4
enterprise‚;4
backing;3
billionasset;3
int‚Äôl;3
merrill;3
nabs;3
compelling;3
arguing;3
amgp;3
rightwing;3
confirms;3
jersey;3
higurashi;3
moments;3
rare;3
fun;3
commerce;3
iot;3
efinancialcareers;3
co‚Ä;3
insightstrategy;3
pundits;3
useful;3
wwenetwork;3
‚Äù;3
backer‚Ä;3
cbg;3
cbre;3
modern;3
heavily;3
institutions;3
exactly;3
thought;3
wouldnt;3
unm;3
unum;3
terms;3
borrowing;3
record;3
accelerates;3
overhaul;3
celebrating;3
eqm;3
public;3
wonder;3
huntington;3
d‚Ä;3
pumped;3
authenticity;3
cause;3
helped;3
gendergap;3
wages;3
wealthgap;3
portfolios;3
feed;3
berenguer;3
investbr;3
investinbrasil;3
jos„;3
presence;3
amorphous;3
cumbersome;3
palatable;3
realness;3
approval;3
jpm‚Ä;3
crude;3
type;3
nothing;3
participating;3
thepound;3
votegreen;3
provides;3
download;3
page;3
snapshot;3
launchdc;3
showtime;3
ilovemyjob;3
investor;3
bournemouth;3
confidence;3
tweet;3
percent;3
pretty;3
operate;3
catherine;3
oracle;3
siemens;3
symrise;3
monthly;3
goals;3
imperative;3
vital;3
embarking;3
journey;3
thakhani;3
herald;3
appears;3
cheapestever;3
levels;3
relative;3
underowned;3
jim;3
efficiency;3
issue;3
immediately;3
businessnews;3
amendment;3
tesco;3
activity;3
cards;3
hedgefund;3
prepare;3
second;3
sosvenezuela;3
jackson;3
see‚û;3
cnn;3
south;3
concho;3
cxo;3
new‚Ä;3
asml;3
ses;3
vonovia;3
graduate;3
speaks;3
congratulate;3
mandisi;3
mtch;3
columbia;3
sportswear;3
oshkosh;3
osk;3
advancepierre;3
apfh;3
foods;3
celebrate;3
memorialday;3
hand;3
brooks;3
fighting;3
raising;3
reduction;3
third;3
chartered;3
following;3
innovations;3
funded;3
lusanda;3
tyebileyo;3
financing;3
sustainable;3
compliance;3
quickly;3
miracle;3
smme;3
works;3
organisations;3
discount;3
observer;3
saves;3
williams;3
bright;3
merger‚;3
demanding;3
pipeline;3
technology‚;3
fix;3
onsite;3
agree;3
assessment;3
cao;3
email;3
ipo;3
interactive;3
scripps;3
sni;3
trauma;3
alibaba;3
direction;3
our‚Ä;3
reit;3
convene;3
telecomms;3
royal;3
scotland;3
likes;3
save;3
published;3
rse;3
auburn;3
pennystocks;3
dead;3
murdersuicide;3
unnatural;3
‚Äúone;3
september;3
cto;3
message;3
agency;3
level;3
repeatedly;3
chase‚;3
beverage;3
mnst;3
monster;3
agrees;3
luxmbourg;3
hacking;3
com;3
exchange;3
genderwealthgap;3
bankruptcy;3
fans;3
economics;3
ranking;3
posted;3
incomegenerating;3
meadon;3
attack;3
housing;3
pumps;3
filling;3
‚Äòlegal‚Äô;3
site;3
snake;3
paper;3
effectively;3
corruption;3
headed;3
symposium;3
peru;3
mutual;3
tour;3
stories;3
ftse;3
hire;3
anything;3
hope;3
careful;3
jpmus;3
indian;3
nifty;3
jailed;3
hudson;3
palisades;3
affiliated;3
amg;3
nyu;3
qtwo;3
smashed;3
auction;3
childrens;3
plce;3
burl;3
burlington;3
stores;3
msci;3
gwb;3
oak;3
fig;3
avalonbay;3
avb;3
thor;3
customer;3
debit;3
fair;3
mergers;3
delivered;3
facilities;3
offering;3
valuewalk;3
figure;3
complex;3
uncertainty;3
smes;3
mstar;3
hike;3
administration;3
privatize‚Ä;3
colorful;3
destroy;3
p‚Ä;3
predicted;3
doddfrank;3
tips;3
avp;3
m‚Ä;3
books;3
augustine;3
ogoshi;3
webconference;3
turn;3
ally;3
cas;3
highteens;3
technically;3
oyj;3
material;3
adrianmowat;3
implies;3
concerns;3
messaging;3
se‚Ä;3
try;3
models;3
everest;3
theft;3
storages;3
colorado;3
experiments;3
nikolatesla;3
men;3
benzinga;3
mlb;3
nbc;3
fallout;3
evergreen;3
recognition;3
gwampk;3
centurylink;3
sacramento;3
ldn;3
dark;3
nongerman;3
frt;3
stops;3
activism;3
awfully;3
outdated;3
curtisswright;3
workshop;3
afternoon;3
it‚Äôs;3
reports‚Ä;3
insurancelike;3
mall;3
secures;3
‚Äúunderweight‚Äù;3
chance;3
decemer;3
reserve;3
thx;3
poverty;3
miles;3
coworkers;3
wife‚Ä;3
zec‚Ä;3
usd;3
netease;3
ntes;3
motion;3
simo;3
bll;3
nyse;3
clear;3
pcmsumm‚Ä;3
capitalism;3
is‚Ä;3
chat;3
fireside;3
nuan;3
paul;3
ricci;3
secu‚Ä;3
returned;3
excess;3
centralize;3
duediligence;3
edd;3
thomson;3
commodities;3
frm;3
lupin;3
v‚Ä;3
aid;3
winner;3
uhs;3
universal;3
ihs;3
markit;3
bearings;3
roll;3
toke‚Ä;3
brady;3
brc;3
pra;3
proassurance;3
vetswhocode;3
poweredup;3
yes;3
initiatives;3
detroits;3
citi;3
harder;3
referenced;3
thirds;3
devops;3
clayton;3
jay;3
likable;3
steph‚Ä;3
corporatepartners;3
ncpersace;3
ill;3
jail;3
wtf;3
feroli;3
donaldtrump;3
stoxx;3
herculean;3
task;3
chartoftheweek;3
causing;3
themes;3
bus;3
suggests;3
far;3
chf;3
swiss;3
hosting;3
philanthropy;3
celgenes;3
ltds;3
shaftesbury;3
rue;3
glencore;3
aveva;3
asia;3
beyonc„;3
altcoin;3
reddit;3
xmr;3
zeroknowledge;3
progr‚Ä;3
microservice;3
unix;3
acquire;3
cutting;3
webhosting;3
avoid;3
paths;3
toronto;3
human;3
rights;3
meet;3
eastgroup;3
egp;3
ryanair;3
val;3
valspar;3
iberiabank;3
ibkc;3
wst;3
anet;3
arista;3
hackers;3
fi‚Ä;3
consumer;3
academic;3
gata;3
potato;3
ave;3
belly;3
truck;3
destination;3
onehour;3
mannkind‚Äôs;3
disciplined;3
indexation;3
establish;3
polish;3
ever‚Äô;3
‚Äòmore;3
continuing;3
blessing;3
diversity;3
dorothee;3
processes;3
stanley‚Äôs;3
gillespie;3
grimm;3
robinson;3
guess;3
boys;3
clovis;3
clvs;3
oncology;3
anticipated;3
deployments;3
waves;3
throw;3
towel;3
zoradi;3
bit;3
‚Äòneutral;3
killer;3
technori;3
demo;3
etfsbyjpmam‚Ä;3
jpin;3
ride;3
smoother;3
idex;3
iex;3
bosyouthjobs;3
ski‚Ä;3
por;3
portland;3
alexandria;3
sprints;3
aamdseattle;3
phyllis;3
aceh;3
expectations;3
prepared;3
forexnews;3
scam;3
intranet;3
issuing;3
eventually;3
carbs;3
causal;3
halo;3
foxnews;3
surprises;3
markedly‚Äù;3
‚Äúchanged;3
climb;3
stockaction;3
zerocoin;3
advancing;3
of‚;3
rblockchain;3
economics‚Ä;3
forexlive;3
force;3
grocers;3
wsj;3
scum;3
aggressively;3
slv;3
vaults;3
bitcoinnews;3
str;3
xbt;3
pr‚Ä;3
danone;3
finds;2
study;2
market‚Äôs;2
ramp;2
path;2
farm;2
salesleadership;2
alternative;2
investing‚Ä;2
brilliant;2
piec‚Ä;2
deepak;2
defiant;2
gulati‚Äôs;2
loses;2
goldmanbloodbonds;2
bowdler;2
janis;2
tack;2
postelection;2
online;2
party;2
tutors;2
formerly;2
pei;2
‚Äú‚;2
versus;2
aee;2
ameren;2
william;2
conservatives;2
invested;2
recipient;2
scholarship;2
views;2
inform;2
trying;2
ban‚Ä;2
pld;2
prologis;2
traditional;2
thinking;2
del;2
jones;2
peores;2
netapp;2
ntap;2
ifs;2
reviewing;2
extends;2
facility;2
ascend‚Ä;2
centerpoint;2
cnp;2
mhk;2
mohawk;2
ingr;2
ingredion;2
seem;2
siri;2
sirius;2
gpn;2
skm;2
mtn;2
resorts;2
vail;2
glob;2
globant;2
sale;2
shadow;2
‚Äç‚ôÄÔ;2
knows;2
manipulate;2
band;2
toxic;2
treeza;2
especially;2
servicing;2
servicecorps;2
often;2
orgs;2
wear;2
either;2
completed;2
worse;2
hoffman;2
parkcongrats;2
putting;2
pdl;2
petra;2
weather;2
jerusalem;2
‚Äòpalestine‚Äô;2
indicators;2
wood;2
automated;2
jpmc;2
watching;2
tennessee;2
executives;2
saudius;2
saus;2
welcoming;2
careerfocused;2
governments;2
stigma;2
high‚;2
contact;2
james‚Äôs;2
projects;2
ether;2
token;2
discussed;2
kref;2
amounts;2
projected;2
alum;2
bueno;2
julio;2
seoalum;2
expects;2
watched;2
fundforum;2
cause‚Ä;2
unlikely;2
product;2
creates;2
enjoyed;2
chaseampco;2
individual;2
claw;2
underperformance;2
ninth‚Ä;2
united;2
manageable;2
bofa;2
naidoo‚Ä;2
valutanews;2
qtr;2
revalue;2
willie;2
allocation;2
dnb;2
hoegh;2
example;2
numbers;2
areas;2
capped;2
output;2
shale;2
transparent;2
bailed;2
california;2
downturn;2
quietly;2
surge;2
semiconductorsemiconductor;2
telecomm;2
amy;2
appointed;2
assault;2
berman;2
furious;2
judge;2
tied;2
weapons;2
stonelioncapitalpartners;2
adfc;2
hbl;2
hdb;2
arabian;2
cent;2
lender;2
ecom‚Ä;2
omnichannel;2
positioned;2
processing;2
session;2
w‚Ä;2
east;2
famous;2
viab;2
viacom;2
ubm;2
bfn;2
lots;2
nomb‚Ä;2
marietta;2
mlm;2
cincinnati;2
cinf;2
hole;2
islamic;2
herman;2
miller;2
mlhr;2
fhb;2
hawaiian;2
hotel;2
sho;2
sunstone;2
ndaq;2
gcp;2
emcor;2
eme;2
ohi;2
omega;2
century;2
twentyfirst;2
militaryappreciationmonth;2
recognize;2
support‚Ä;2
wed;2
implementing;2
walkedr‚Ä;2
wa‚Ä;2
agenda;2
dragons;2
highlight;2
jenkinsworld;2
kenneth;2
unicorns;2
sabb;2
ignored;2
statements;2
assets;2
biggest;2
saicas;2
standard;2
kind;2
invaluable;2
received;2
unique;2
maku‚Ä;2
evolves;2
greatest;2
inclusive;2
construct;2
requirements;2
cornerstone;2
learnt;2
pilots;2
accountants;2
khumalo;2
mabuya;2
collaborating;2
purchase;2
synopsys‚Äô;2
‚Äúaverage‚Äù;2
town;2
americans;2
honor;2
settlement;2
plz;2
ksa;2
mcleod;2
mitchell;2
pugh;2
flanders;2
illsley;2
results;2
stephanie;2
activists;2
keystone;2
refuse;2
edition;2
morgan‚;2
french;2
officials;2
spotlight;2
markets‚Ä;2
afraid;2
centre;2
powered;2
imw;2
scotiabank;2
steer;2
wold;2
genius;2
mergersources;2
analysing;2
cityweek;2
nick;2
recommend;2
crimes;2
kotak;2
lemon;2
tree;2
shut;2
alignment;2
submit;2
see‚Ä;2
realised;2
woke;2
incident;2
readiness;2
harassment;2
serve;2
truth;2
deposit;2
drain;2
rid;2
detention;2
mayday;2
bof‚Ä;2
opportunities‚Ä;2
created;2
uses;2
announces;2
dividend;2
there‚Ä;2
earthsfinal;2
pow‚Ä;2
reputationbank;2
obvious;2
shying;2
amp‚;2
hang;2
normal;2
art;2
hut;2
gsk;2
loss;2
ascendatl‚Ä;2
grants;2
arty;2
canary;2
wharf;2
agent;2
joint;2
brought;2
apeshit;2
bitfinex;2
frozen;2
mentioned;2
pboc;2
alpha;2
money‚Äôs;2
carroll;2
single;2
whistleblower;2
edchat;2
stockmarket;2
palestine‚Äô;2
preference;2
‚Äòoccupied;2
heathrow;2
brooklyn‚Ä;2
jfk;2
complaints;2
hiw;2
printingcompany;2
photo;2
louisvillekys;2
lse;2
independent;2
solution;2
grad;2
request;2
convict;2
prison;2
carrytheload;2
memorialdayweekend;2
veterans‚Ä;2
clinton;2
woman;2
sticking;2
thursday;2
disney;2
o‚Ä;2
space‚Ä;2
marketshare;2
hundreds;2
subtracting;2
attractive;2
bus‚Ä;2
implement;2
promoted;2
outcomes;2
retirement‚Ä;2
worked;2
hype;2
avoiding;2
encouraging;2
excuses;2
permanent;2
setbacks;2
temporary;2
term;2
entirely;2
touch;2
cautious;2
decades;2
snippy;2
able;2
bots;2
litigate;2
achieve;2
allowing;2
revenues;2
representing;2
beyond;2
aust„;2
contre;2
etatdurgence;2
gimeautoritaire;2
rit„;2
volution;2
canadian;2
rejoicing;2
forty;2
fourteen;2
idbi;2
multinationals;2
terror;2
omaha;2
dignan;2
newman;2
sheerar;2
club;2
argus;2
baking;2
finals;2
hot;2
luxbourg;2
pools;2
dealmakers;2
exploit;2
heathcare;2
rothschilds;2
build‚Ä;2
you‚Ä;2
charlie;2
trims;2
vod;2
vodafone;2
baron;2
jamiedimon;2
monopoly;2
robber;2
offto;2
savo;2
introduced;2
mindfulness;2
guy;2
madoff;2
frc;2
republic;2
lately;2
except;2
hii;2
ingalls;2
midd;2
middleby;2
criminal;2
more‚Ä;2
therapeuticsmd;2
txmd;2
serv;2
servicemaster;2
oaktree;2
hznp;2
fortress;2
patheon;2
pthn;2
wintrust;2
wtfc;2
realogy;2
rlgy;2
quinta;2
johns;2
papa;2
pzza;2
clgx;2
corelogic;2
ncr;2
criminals;2
treated;2
pocketed;2
shameful;2
whilst;2
ico;2
starbucks;2
game;2
female;2
founders;2
seminar;2
fyi;2
fest;2
pre;2
sharing;2
active;2
proxy;2
recognized;2
remark;2
ounces;2
waiting;2
affected;2
squares;2
provided;2
strengthens;2
chief;2
ties;2
milestone;2
insidertrade;2
insidertrading;2
lunch;2
canada;2
employs;2
ohioans;2
soars;2
durbinamendment;2
profits;2
flourish;2
blueplaque;2
gate;2
grainge;2
lloydgrossman;2
photographygt;2
princes;2
unveiling;2
chicago‚Ä;2
yesterdays;2
loved;2
enter;2
synopsyss;2
drinks;2
finish;2
wfood;2
econ;2
keynes;2
mises;2
met;2
nvidia;2
reportedly;2
underway;2
dynamic;2
‚Äòinsurancelike‚Äô;2
channelsfeeddigestcomnewsid‚Ä;2
celgene;2
cope;2
phoney;2
trusts;2
thathelps;2
lynch;2
nexus;2
bloody;2
cheap;2
common;2
crime;2
rio;2
greedy;2
doubledigit;2
fro‚Ä;2
secular;2
exposed;2
watsco;2
wso;2
westar;2
vno;2
vornado;2
excl;2
india‚Äù;2
‚Äúexpect;2
expensive;2
squad;2
topics;2
financial‚;2
grow‚Ä;2
aiawards;2
assetmanager;2
stood;2
ama;2
askjpm;2
hows;2
townhall;2
unrehearsed;2
unscreened;2
chasecorporatechallenge;2
downtown;2
gentrification;2
heading;2
stuck;2
wants‚Ä;2
willing;2
weighing;2
cites;2
unpredictability;2
bigbanks;2
nodapl;2
multiples;2
knight;2
knx;2
transportation;2
comm‚Ä;2
banken;2
forest;2
trees;2
fined;2
gulf;2
ltd‚Äôs;2
bankshares;2
addenda;2
billions‚Ä;2
dertraderat;2
poweroffreespeech;2
roseville;2
division;2
fhn;2
gpk;2
graphic;2
packaging;2
cheer;2
bloombergradio;2
ess;2
essex;2
evh;2
evolent;2
etp;2
practices;2
corporations;2
tokensummit;2
twilio‚Äôs;2
novice;2
celanese;2
twilios;2
three;2
of‚Ä;2
buzzed;2
forefront;2
millman;2
informed;2
accts;2
boxfor;2
penalty;2
puts;2
early;2
oops;2
school‚;2
asb;2
banc;2
hivebuzz;2
teensmatter;2
begin‚Ä;2
ait;2
industrial;2
melissabradley;2
bcbsil‚Ä;2
not‚Ä;2
vca;2
woof;2
cool;2
digitalhealth;2
npi;2
website;2
wbcares;2
pnd;2
export;2
bridge;2
dc‚Ä;2
donating;2
systems‚Äô;2
fucking;2
privatizegentrify;2
leco;2
lincoln;2
bllus;2
azure;2
boxes;2
downside;2
points;2
slows;2
applications;2
integrity;2
culture;2
organizations;2
certainty;2
santos;2
malaysia;2
sitifatimah;2
professionals;2
randstad;2
bubble;2
choir;2
preaching;2
events;2
btlcy;2
insurance;2
zecs;2
headquarters;2
fell;2
houseviews;2
bob;2
living;2
gartner;2
alleghany;2
gas;2
nfg;2
children‚Äôs;2
gem‚Ä;2
sportsbiz;2
nnn;2
rsa;2
validus;2
cxfs;2
bankunited;2
bku;2
els;2
lifestyle;2
landstar;2
lstr;2
ofc;2
cabot;2
ccmp;2
microelectronics;2
beloit;2
regal;2
cno;2
institution;2
built;2
groundwork;2
hansen;2
year‚Äôs;2
grade;2
mention;2
businessinsider;2
ecommerce;2
rewards‚Ä;2
luxurytravel;2
tr‚Ä;2
mumbai;2
slips;2
comto;2
facing;2
skillsgap;2
survey;2
smallbiz‚Ä;2
exams;2
occ;2
seems;2
secure;2
filed;2
xbrl;2
approacha‚Ä;2
debevoise;2
washington;2
morgan‚Äôs;2
imply;2
regtech;2
agg;2
bnd;2
issuer;2
routing;2
charts;2
chk;2
iceland;2
shame;2
ttfitness;2
darkpolitricks;2
mjr;2
surprisd;2
intu;2
bark;2
bite;2
are‚Ä;2
event‚Ä;2
power;2
sheets;2
smith;2
bangaloreweekly;2
tightening;2
no‚Ä;2
basedt;2
cooperation;2
organ;2
painful;2
atalanta;2
sosnoff;2
woodstock;2
errors;2
hoursyear;2
grid;2
bby;2
bitesize;2
patriot;2
webj;2
parkerhannifin;2
market‚Äù;2
player;2
silly;2
approved;2
kalpana;2
morparia;2
eps;2
reported;2
lendingcircle;2
bilingual;2
fundamental;2
violates;2
teens‚Ä;2
else;2
realize;2
wrapped;2
lowcost;2
ryaay;2
opps;2
skillsatwork;2
bdn;2
brandywine;2
catalent;2
ctlt;2
acc;2
cfr;2
cullenfrost;2
mbt;2
mobilnye;2
pao;2
telesistemy;2
arrow;2
arw;2
electronics;2
eagle;2
exp;2
brothers;2
tol;2
northwestern;2
nwe;2
economico;2
fmx;2
fomento;2
mexicano;2
sab;2
wabco;2
wbc;2
vmw;2
vmware;2
moveboa;2
phishing;2
rookie;2
typos;2
damn;2
attentively;2
collusion;2
complexities;2
panelists;2
problems;2
swarts;2
riches;2
seth;2
family;2
blocked;2
ssa;2
syndicate;2
greed;2
solu‚Ä;2
click;2
journal;2
blythe;2
masters;2
roadmap;2
speaker;2
onto;2
positions;2
bill‚Ä;2
airpods;2
bundled;2
wearable;2
wearables;2
wearabletech;2
amber‚Ä;2
arizona;2
minings;2
hell;2
economic‚;2
europlacenyc;2
slowly;2
edinburgh;2
mortgages;2
kissmygrits;2
blockchains;2
transforming;2
meetings;2
cleveland‚Ä;2
duo;2
exec;2
boosting;2
chasebasecamp;2
detsw;2
integrated;2
pov;2
insights;2
brexit‚Ä;2
philadelphia;2
pyn;2
receiving;2
workreadyphl;2
growing;2
rebound;2
steadily;2
herculeantask;2
medicalbills;2
socialimpact;2
levelup;2
aside;2
pesky;2
fred;2
turpin;2
falling;2
ezj;2
cows;2
kashmir;2
leverage;2
blockchanneljpmorgan;2
enterprisegrade‚Ä;2
pulled;2
spends;2
half;2
shorts;2
considering;2
pump;2
mifidii;2
vista;2
adopts;2
its‚Ä;2
protection;2
pic;2
collapse;2
lehman;2
litigation;2
available;2
tradefinance;2
hop;2
train;2
gone;2
mifid;2
blockchain‚Ä;2
bankingcrypto;2
shift;2
ltc;2
finserv;2
oliverwyman;2
considers;2
mothernatureweeps;2
thompson;2
dcc;2
dxc;2
book;2
zcash‚Äù;2
‚Äúso;2
founding;2
integrates;2
crashed;2
ones;2
elis;2
this‚Ä;2
f‚Ä;2
tweets;2
vantiv;2
vntv;2
dan;2
camden;2
cpt;2
guidewire;2
gwre;2
slg;2
zion;2
zions;2
gps;2
silgan;2
slgn;2
nhi;2
zeth;2
dinar;2
attain;2
moderate;2
occ‚Äôs;2
risky;2
protesters;2
prisonindustrial;2
ave‚Ä;2
southern;2
cstore;2
empire;2
foodstamps;2
sights;2
year‚Ä;2
btcnews;2
developmen‚Ä;2
salphatrending;2
transc;2
admitting;2
former‚Ä;2
complicit;2
invest‚Ä;2
moves;2
lucrative;2
synergies;2
‚Äúconsolidation;2
carriers;2
years‚Äù;2
critisize;2
dividends;2
moment;2
realise;2
cre;2
multifamily;2
securitization;2
raft;2
dlt;2
appraisal;2
abstract;2
extra;2
minisclue;2
appraiser;2
mortgage‚Ä;2
reposting;2
corp‚Äôs;2
compete;2
competitor;2
enabling;2
lisa;2
products;2
ceos;2
fav;2
probabilities;2
spread;2
mining;2
loan‚;2
idk;2
eur;2
dollarszec;2
grocery;2
conflicts‚Äô;2
dispute‚Äô;2
flagged;2
religious;2
‚Äòkashmir;2
‚Äòpersisting;2
omd;2
oth‚Ä;2
mannkinds;2
finno;2
scryptsycom;2
bloombergtv;2
davidgura;2
with‚Ä;2
aapl;2
partnered‚Ä;2
combination;2
sprint;2
transaction‚Ä;2
systemss;2
purchasing;2
rises;2
subfeatured;2
patnership;2
surges;2
adoption;2
fomod;2
platfm;2
btcoin;2
blockchannelbreaking;2
cryptotrading;2
saluting;2
physical;2
par;1
defines;1
anz;1
anzbank;1
defaults;1
holbiye;1
insurrection;1
maker;1
noted;1
secondquarter;1
torysout;1
antero;1
collapses;1
xreport;1
ibdinvestors;1
brilliant‚Ä;1
deeplearning;1
digitalbanking;1
sobre;1
courtesy;1
fire;1
neighborhoods‚Ä;1
exchangerate;1
gbp;1
sterlingpound;1
ukelection;1
ariel;1
eoy;1
grade‚Ä;1
tutormate;1
investor‚Äôs;1
groep;1
ing;1
inga;1
zal;1
zalando;1
audit;1
adidas;1
recognises;1
toxicity;1
opingsoc;1
ukraine;1
parent;1
whodathunkit;1
brittainashford;1
greatcomet‚Ä;1
stm;1
stmicroelectronics;1
bernie;1
bryan;1
carnegie;1
mainst;1
rockefeller;1
sanders;1
wallst;1
artificialintelligence;1
legaltech;1
returns‚Äù;1
feature‚Ä;1
parent‚Ä;1
aero;1
engines;1
mtu;1
mtx;1
viral;1
bithja;1
pierre;1
psychology;1
studying;1
in‚Ä;1
ultralefties;1
embodies;1
hfampc;1
syracuse‚Äôs;1
merge;1
regional;1
fine;1
practice;1
reconsider;1
much‚Ä;1
mcc;1
mccommunity;1
better‚Ä;1
eligibility;1
torys;1
docs;1
freetext;1
includes;1
redefining;1
routine;1
levi;1
strauss;1
beliefs;1
boe;1
contrary;1
schaeffers‚Ä;1
feesbackpedaling;1
overdraft;1
goldman‚;1
schaeffers;1
cml;1
cer‚Ä;1
beside;1
oversold;1
generationvote;1
theresamay;1
votechange;1
ashamed;1
feelthebern;1
outraged;1
programming;1
listening;1
eqix;1
equinix;1
spark;1
therapeutics;1
bxp;1
bancshares;1
hban;1
negotiating;1
difficult;1
mayshe;1
negotiate;1
negotiator;1
africa;1
africannews;1
blacknews;1
blacktwitter;1
eni;1
nigeria;1
oilandgas;1
shell;1
shelloil;1
be‚Ä;1
bet‚Ä;1
equalopportunity;1
urgent;1
delivery;1
intelligent;1
buddy;1
buffalo;1
synacor;1
bounds;1
buy‚Ä;1
stupidity;1
roche;1
rog;1
worldturns‚Ä;1
crisisgta;1
ge‚Ä;1
jumbo;1
swot;1
aba;1
bahrain;1
bisb;1
wiring;1
smallbizdc;1
en‚Ä;1
favouring;1
initial;1
badbank;1
currently;1
dropped;1
notification;1
priced;1
cand‚Ä;1
entrepreneurship;1
scale;1
universities;1
kilts‚Ä;1
chasesucks;1
cheated;1
lied;1
marriott;1
pointswe;1
jpmcs;1
plate;1
stepping;1
fading;1
hedging;1
jcp‚Ä;1
acts;1
ang;1
funny;1
empowe‚Ä;1
loving;1
abundant;1
carry;1
caution‚Äù;1
gfx;1
generalelection;1
jcpm;1
post‚Ä;1
teams‚Ä;1
brighterfuture;1
debtinterest;1
inasmuch;1
lent;1
len‚Ä;1
applies;1
asked;1
golman‚Ä;1
driver;1
drags;1
pct;1
delivering;1
dir‚Ä;1
worldclass;1
angkong;1
miss;1
constant;1
crave;1
feedback;1
millennials;1
nazi;1
uprise;1
talent;1
riskier;1
axios;1
anyway;1
scout;1
begins;1
gnews;1
kkr;1
double;1
indus‚Ä;1
seofamily;1
wallstreet‚Ä;1
debtt‚Ä;1
proposal;1
skeptical;1
automotive;1
recommendation;1
bicycle;1
fancy;1
ported;1
unicycles;1
dallas;1
created‚Ä;1
evm;1
otherwise;1
tool;1
strategy‚Ä;1
fog;1
pierce;1
rays;1
sunshine;1
averse;1
turned;1
‚Äú‚Äù;1
handy;1
rollers;1
gains;1
lira;1
rand;1
stocknews;1
fastft;1
ftbrussels;1
election‚Ä;1
uk‚Äôs;1
uco;1
dwt;1
uwt;1
uso;1
cleanmoney;1
impinv;1
sri;1
keep‚Ä;1
fall;1
odds;1
august;1
maintain;1
benchmark;1
boot;1
highland;1
grove;1
laurel;1
cbs;1
correct;1
withdraw‚Ä;1
ukshares;1
dobie;1
european‚;1
choices;1
math;1
spectacula‚Ä;1
industrials;1
leif;1
units;1
digitisation;1
shipping;1
words‚Ä;1
beginning;1
many‚Ä;1
worries;1
ineffective;1
kristian;1
regulations;1
siem;1
creation;1
quite;1
visual;1
october;1
andrian;1
climate;1
dacy;1
decisions;1
norshipping;1
may‚Ä;1
calculates;1
fin;1
investingcom;1
euro;1
zone;1
trbc;1
count;1
ethical;1
voice;1
diamondback;1
fang;1
heightened;1
highrisk;1
occupied;1
palestine;1
futureofwork;1
customersim;1
fedex;1
mailed;1
onemust;1
ups;1
usps;1
peoples;1
shafted;1
squander;1
that‚Ä;1
youve;1
burglarized;1
deposit‚Ä;1
safety;1
confident;1
operate‚Ä;1
cnk;1
charlesbrandes;1
fljobs;1
jacks;1
jacksonville;1
jacksonvillejobs;1
death;1
hong;1
kong;1
trader;1
nightmare;1
witness;1
worst;1
baml;1
bolshevismv;1
deloitte;1
imf;1
pwc‚Ä;1
spawn;1
suisse;1
mike;1
powe;1
charlot;1
charlotte;1
charlottejobs;1
ncjobs;1
processor;1
remittance;1
owned‚Ä;1
brby;1
burberry;1
pennysterling;1
powers;1
significance;1
taliking;1
crash;1
crystal;1
hill;1
stick;1
wpoppyharlowcnn‚Ä;1
wpoppyharlowcnn;1
wpoppyharlo‚Ä;1
unknown;1
world‚Äôs;1
information;1
strategist;1
obligations;1
aware;1
anger;1
eurozone;1
blnd;1
jrp;1
amid;1
bfn‚Ä;1
swings;1
atampt;1
jpmorganamp;1
mobil;1
marco;1
boycott;1
burbs;1
idexx;1
idxx;1
laboratories;1
bean;1
jbt;1
invh;1
invitation;1
apo;1
apollo;1
raymond;1
rjf;1
endless;1
narrative;1
cma;1
comerica;1
generous;1
influential;1
loocing;1
patron;1
stretch;1
automation‚Ä;1
adviser;1
appoints;1
breakingnews;1
accordingto;1
wirelesscharging;1
response;1
shocking;1
markets‚;1
ow‚Ä;1
chase‚Äôs;1
forgiveness;1
survivor;1
ddhh;1
respect;1
supporting‚Ä;1
bundesbank;1
daft;1
none;1
generous‚Ä;1
anounced;1
hmmmm;1
degree;1
educat‚Ä;1
entrepreneurially;1
minded;1
phew;1
placetargeting;1
salaries;1
makunyane‚Ä;1
nombembe;1
embrace;1
extremely;1
privileged;1
tisang;1
su‚Ä;1
jenkinsci;1
compliance‚Ä;1
helpin‚Ä;1
fun‚Ä;1
gutted;1
manages;1
removed;1
vzla;1
commercial;1
instantly;1
replaces;1
softwarewatch;1
died;1
complete‚Ä;1
constitution;1
ongoing;1
payitforward;1
sacrifice;1
allm;1
cayman;1
nets;1
netshoes;1
revolutiongenerative;1
deserved;1
investmentsplz;1
ppl;1
businessandnews;1
sole;1
dumbo;1
noto;1
reaction;1
ripped;1
stbank;1
bala‚Ä;1
arabian‚Ä;1
goldmarketnewseu;1
societe‚;1
mena;1
zawya;1
par‚Ä;1
bravo;1
broken;1
fulltime;1
healthcaremed;1
missouri;1
usjobs;1
jp‚Ä;1
leaving;1
serious;1
reuters‚Ä;1
bhivelabs;1
mcafee;1
aca;1
hsba;1
fence;1
sources‚Ä;1
matthew;1
spare;1
uae;1
analcysts;1
deployed;1
spotlight‚Ä;1
services‚Ä;1
ecommunications‚Ä;1
covers;1
engvsa;1
strikes;1
altfolio;1
wilmington;1
assad;1
syria;1
hackathon;1
regarding;1
crore‚;1
crore;1
branches;1
shutdownchase;1
cmocio;1
jason;1
logging;1
trouble;1
print;1
barrys;1
citgo;1
maduro‚Ä;1
rosneft;1
trumprussia;1
toomanylaws;1
victims;1
accusations;1
false;1
jobtraining;1
hitler;1
jews;1
proving;1
heritage;1
council;1
idiotkings;1
arrest;1
immigration;1
nyers;1
ibmi;1
oneplateau;1
opportuniti;1
cromwell;1
investa;1
scenario;1
sellout;1
zensÂç;1
rbs‚Ä;1
cycle;1
blacklistedn‚Ä;1
bezos;1
jeff;1
vampire;1
slander;1
officers;1
allamp;1
amplarge;1
momentous;1
quarterly;1
couple;1
theendishere‚Ä;1
financ‚Ä;1
dertra‚Ä;1
rosev‚Ä;1
relations;1
breach;1
azjobs;1
gilbertjobs;1
phxjobs;1
tempe;1
visit‚û;1
danielduquenal;1
notiven;1
ricardohausman;1
atjpmorgan;1
bannerwaving;1
lefties;1
revolutionary;1
chaffey‚;1
beaking;1
ppts;1
sincerely;1
slideshare;1
slim;1
whos;1
candy;1
greatestspectacleinracing;1
store;1
vette;1
dictator;1
essentials‚Ä;1
brenda;1
beach;1
cleethorpes;1
drawing;1
illustration‚Ä;1
proposals;1
psychogeography;1
brain;1
morehouse;1
fit;1
artyphoto;1
shot;1
performing;1
stopped;1
baylor;1
shoul‚Ä;1
earpiece;1
enhanced;1
improvements;1
stereo;1
waterproofing;1
associateapplications;1
westerville;1
administrative;1
arranger;1
bookrunner;1
agreement;1
amended;1
dated;1
restated;1
businessmgmt;1
infrastructure;1
earnings‚Ä;1
everett;1
greater;1
ron;1
roosevelt;1
avg;1
decade;1
lowest;1
slightly;1
manhattan;1
global‚Ä;1
bbcdp‚Ä;1
customs;1
mkt;1
passporting;1
falseclaimsact;1
quitam;1
suit;1
computing;1
decentralized;1
teachercast;1
wwwdoca‚Ä;1
buffettsapprentice;1
nanostockanalysis;1
feeling;1
song;1
fully;1
publ‚Ä;1
reporting;1
lists;1
‚Äústate;1
sanitized;1
davos;1
marr;1
jpmorgangoldbitcoinexpotential;1
uny;1
cctv;1
doctor;1
god;1
justice;1
nit;1
process;1
thabk;1
thankful;1
minorityandwomenowned;1
amidst;1
bloombergr;1
favors;1
kids;1
parents;1
wasn‚Äôt;1
zecusd;1
denouncing;1
dozen;1
front;1
discrimination;1
settled;1
settles;1
borrowers;1
charged;1
suggested;1
fits;1
labeling;1
illegitimate;1
persons;1
innoc‚Ä;1
perps;1
rather;1
smear;1
certainly;1
conviction;1
exists;1
constitute;1
disclosure;1
exercising;1
harassme‚Ä;1
consent;1
alleged;1
bulle‚Ä;1
convicted;1
shoot;1
hidden;1
shouldnt;1
obamas;1
hastings;1
hldg;1
hstg;1
android;1
smarturlit‚Ä;1
filings;1
fkout;1
allowed;1
internet;1
gotta;1
hitting;1
idiots;1
nerves;1
trolls;1
innit;1
signup;1
volunteer;1
framing;1
enables;1
entrepreneurbusiness;1
ver‚Ä;1
token‚Ä;1
ansonzeall;1
ceciletamura;1
beginsstopbrexit;1
exodus;1
expandinggt‚Ä;1
lowernetworth;1
ltproducts;1
checkitoutanyways;1
dig;1
compass;1
cpg;1
fwp;1
zacks;1
persimmon;1
psn;1
ranked;1
input;1
‚Äúliability‚Äù;1
revitalize;1
blodget;1
henry;1
iron;1
contributed;1
hopefully;1
pos‚Ä;1
prevails;1
favour;1
mor‚Ä;1
odd;1
feelings;1
probs;1
acknowledging;1
calling;1
do‚Ä;1
gents;1
answering;1
convinced;1
explain;1
huh;1
gerald;1
labrecque;1
rehill;1
bets;1
i‚Äôve;1
distinct;1
i‚Äôm;1
prefer;1
suppose;1
virtuall‚Ä;1
ahhhh;1
understood;1
entirely‚Ä;1
examples;1
stream‚Ä;1
oil‚Ä;1
told;1
dimon‚Äôs;1
immigrant;1
can‚Ä;1
bumperlane;1
inventive;1
results‚Ä;1
newhampshirejobs;1
nhjobs;1
salem;1
technical;1
elected;1
representative;1
spo‚Ä;1
canal;1
jpmo‚Ä;1
panama;1
resp;1
caterpillar;1
cramers;1
fares;1
outside;1
googlealerts;1
brook;1
californias;1
grown;1
nixon;1
pacture;1
qualifying;1
shopper;1
wikipedia;1
coop;1
detroit‚Ä;1
lafayette;1
misappropriate;1
cibc;1
particularly;1
humanri‚Ä;1
dancing;1
ruhshond;1
yearold;1
luxmbourg‚Ä;1
hepin;1
certified;1
jmh;1
dramatically;1
newtop;1
anguish;1
countries;1
standa‚Ä;1
wmin;1
browns;1
russia;1
teacher;1
ackman;1
quadrant;1
printi;1
archetypal;1
baby;1
boomer;1
fairly;1
gene‚Ä;1
mistakenly;1
kgf;1
kgfgb;1
kingfisher;1
vodgb;1
ass;1
leaks;1
whitehouse;1
symptoms;1
withdrawal;1
exoteric;1
collection;1
highneed;1
stk;1
broke‚Ä;1
complaint;1
opinion;1
rejected;1
yo‚Ä;1
christian;1
dalusong;1
la‚Ä;1
quint;1
indeed;1
stretching;1
noke‚Ä;1
blood;1
hands;1
omg;1
venezuelan;1
roof;1
solar;1
tiles;1
quicken;1
commie;1
murderers;1
inner;1
seminars;1
bed;1
crooksscrewing;1
little;1
nothingall;1
othersbeloved;1
wizardoflies;1
emergingmarkets;1
advocate;1
govleadership;1
blow;1
hiring‚Ä;1
smoke;1
blockchainjpmorgan;1
rushing;1
safest;1
fedlike;1
infusion;1
stimulus;1
ewz;1
temer;1
updated;1
injecting;1
ye‚Ä;1
vi‚Ä;1
cases;1
flawed;1
bancorporation;1
wal;1
imageprocessing;1
imaging;1
varex;1
vrex;1
usdebt;1
jbs‚Ä;1
possibility;1
lets‚Ä;1
antisemitism;1
different;1
humans;1
resource;1
tropic;1
buildings;1
aleks;1
nipun;1
dealbook;1
jpmorganchaseampcompany;1
trumpdonaldj;1
fight;1
exper‚Ä;1
internships;1
bucu;1
derivative;1
etfs;1
gld;1
siv;1
wer;1
int;1
sunny;1
tournament;1
unders;1
cryptocurrency‚Ä;1
harvard‚Äôs;1
alongside;1
chicagoans;1
corporatefitness;1
passion;1
contests;1
figures;1
liars;1
extend;1
securitized;1
prescient;1
homerun;1
ive;1
squarespace;1
tried;1
legalnews;1
rivero;1
rosemary;1
seocareer;1
headline;1
jpmorgandublinmccauslandmany;1
royalties;1
rock;1
star;1
small‚Ä;1
aiblockchain;1
fluctuates;1
attacked;1
plan‚Ä;1
why‚Ä;1
allows;1
empowering;1
finding;1
utilize;1
released;1
brotherhood‚Ä;1
immigrants;1
radical;1
dessner;1
maddie;1
dec;1
jpmorganhsbc;1
privatizing;1
pull;1
socializing;1
pass‚Ä;1
cam‚Ä;1
affordablehousing;1
pactmiami;1
schoold‚Ä;1
tablets;1
l‚Ä;1
partneroftheyear;1
pri‚Ä;1
contests‚Ä;1
banker‚Ä;1
al‚Ä;1
care‚Ä;1
aproved;1
assembly;1
honored;1
protec‚Ä;1
gaa;1
night‚Äôs;1
participated;1
running‚Ä;1
cojobs;1
coloradojobs;1
denver;1
teller;1
projec‚Ä;1
vestas;1
hungerbonds;1
cgicompany;1
goldnews;1
reinvent;1
apprenticeship;1
fill;1
fosters;1
filming;1
applying;1
advisory;1
angry;1
defend;1
attractive‚Ä;1
northern;1
app‚Ä;1
pussy;1
slaying;1
implications‚Ä;1
hubcaps;1
lauder;1
brijen;1
india‚Äôs;1
outperformance;1
puri;1
reforms;1
testament;1
‚Äúgbx;1
valeant;1
vrx;1
savvy;1
caz;1
tinto;1
algos;1
pakistan;1
rollback;1
riskreward;1
judgmental;1
requirement;1
bosch;1
facts;1
mate‚Ä;1
supplydemand‚Ä;1
adr‚Ä;1
formed;1
improvement;1
perspective;1
supplydemand;1
playlist;1
undervalued‚Ä;1
heart;1
particular;1
cmon;1
facesofspaces;1
jpmccorporatechallenge‚Ä;1
spaces;1
buddies;1
def;1
twas;1
inves‚Ä;1
supply‚Ä;1
mowat‚Ä;1
bigly;1
girls;1
swingshair;1
èjpmorgan;1
aisa;1
interviewing;1
lovely;1
mob;1
toilet;1
unlimited;1
rims;1
beauty;1
datto;1
emc;1
loaded;1
celebrations;1
collapsing;1
rallies;1
yay;1
liberty;1
lpt;1
ever;1
presos;1
schedule;1
tweepls;1
webcasts;1
assaulted;1
gross;1
reporter;1
weird;1
nonesense;1
voodooeconomics;1
bryc‚Ä;1
peter;1
closures‚Ä;1
moabd;1
good‚Ä;1
hellhole;1
booooooo;1
closures;1
doomed‚Ä;1
accessing;1
whyhow;1
jpmcc‚Ä;1
hpn;1
shared;1
blind;1
bl‚Ä;1
potholes;1
putrid;1
rage;1
road;1
smells;1
surfing;1
tailgate;1
cattle;1
anywhere;1
remote;1
cancantmariam;1
jpmorganct;1
routenear;1
subaru;1
yellow‚Ä;1
evening‚Ä;1
shiftgig;1
specialists;1
spotted;1
html;1
lazymany;1
whiteblackhispanicwomen;1
whyto;1
retired;1
tradesi;1
winter;1
gulp;1
decker;1
swk;1
swkus;1
endtimes;1
shtf;1
theendishere;1
down‚;1
questforfreedom;1
hashtag;1
asis;1
cardfee;1
clears;1
revamp;1
highwoods;1
savvy‚Ä;1
runnerd;1
helen;1
keller;1
clie‚Ä;1
nxt;1
downturn‚Ä;1
corytv;1
on‚Ä;1
camaraderie;1
goodluck;1
joining;1
teamwork;1
bagot;1
lobby;1
mandatory;1
selfie;1
shamelessselfie;1
corporation‚Ä;1
emissions;1
accustomed;1
emerge;1
seemingly;1
‚Äúbombshell‚Äù;1
fort;1
rental;1
wholesale;1
carolmassar;1
cory‚Ä;1
atifamily;1
chicagos;1
fifty;1
bhive;1
pvh‚Äôs;1
comex;1
tens;1
founded;1
nolas;1
investment‚Ä;1
cryptos;1
bat;1
battles;1
dying;1
regardless;1
cloudsecurity;1
implementations;1
bees;1
dacoit;1
hired;1
indiariot;1
wepoliticals;1
attach;1
pentagonnato;1
worldmay;1
dutyit;1
mecia;1
wehire;1
hep;1
kohlii;1
labelled;1
malawindar;1
singh;1
claimed;1
owed;1
stockholders;1
totaling;1
athletic;1
lake;1
shore;1
researcher;1
user;1
straight;1
reta;1
taken;1
unusual;1
covenantsa‚Ä;1
reeling;1
whipsaw;1
ridden;1
defends;1
gop‚Äôs;1
proposed;1
‚Äôresponsible‚Äô;1
crisafulli;1
dimo;1
patricia;1
ame;1
ametek;1
jbs‚Äôs;1
buffalony;1
hmmm;1
vary;1
dwn;1
grwng;1
hve;1
thyguide;1
forceforgood;1
techforsocialgood;1
chicagorunners;1
runchi;1
nelsonhall‚Äôs;1
vendors;1
balance‚Ä;1
fab;1
challenege;1
bunch;1
sensitive;1
fidelity;1
growa‚Ä;1
babci;1
controldo;1
debronno;1
jpmorganjppj;1
medont;1
straw;1
ability;1
lynsey;1
statement;1
wilscotland;1
document;1
file;1
intake;1
monroe;1
nelajobs;1
nowhiringla;1
sweden;1
decide;1
somewhere;1
imagine;1
rpa;1
ganyouth;1
eat‚Ä;1
lying;1
misdeeds;1
populist;1
january;1
industr‚Ä;1
nexstar;1
nxst;1
blatant;1
dishonesty;1
fleet;1
procurement;1
chicago‚Äôs;1
committing;1
detroitarea;1
havoc;1
wrecked;1
benckiser;1
reckitt;1
financial‚Ä;1
events‚Ä;1
mile;1
backersofhate‚Ä;1
likeaboss;1
thousand‚Ä;1
cest;1
magnifique;1
parisphoto;1
style;1
crossselling;1
reddy;1
hrfitcrew;1
schoo‚Ä;1
turnaround;1
yesthe;1
aspen;1
azpn;1
aestheticshot‚Ä;1
gather;1
peoplescreatives;1
seize;1
alphabay;1
drug;1
collobarate;1
incriease;1
businessfriendly;1
minorities;1
plight;1
efa;1
ethreum;1
advertising;1
campaigns;1
delighted;1
photographers;1
category‚Ä;1
employers;1
finalist;1
motherhood;1
stages;1
centrica;1
cna;1
cnagb;1
driven;1
fears;1
asx;1
ausbiz;1
hall;1
investments‚Ä;1
rod;1
trumps;1
rippleplease;1
politicians‚Ä;1
born;1
unless;1
youll;1
zurich;1
zurvy;1
senseless‚Ä;1
validated;1
clutches;1
meant;1
expertraders;1
forexcoaching;1
fxst‚Ä;1
fxstr‚Ä;1
myrichtraders;1
richtraders;1
fxstreetnews;1
hargreaves;1
lansdown;1
pru;1
prudential;1
suburbanites;1
shill;1
cazenove;1
conceivably;1
rail;1
zero‚Äù;1
‚Äúcould;1
hunchback;1
asshole;1
limp;1
hurt;1
stairs;1
excuse;1
foolproof;1
supposed;1
excellent;1
needed;1
elephants;1
sto‚Ä;1
wildlife;1
admin;1
deeply;1
gra;1
edelstein;1
howie;1
truly;1
sport;1
mealpackingevent;1
volunteers;1
rsagb;1
represents;1
racists;1
terrible;1
bout;1
frank;1
nakano;1
killing;1
hmm;1
qualified;1
we‚Ä;1
nominees;1
jimmarous;1
ampamp‚Ä;1
pfgc;1
alcoa;1
awh;1
logi;1
logitech;1
bankfinancial;1
conning;1
morganbiggest;1
scamming;1
teachers;1
dnlive;1
cred‚Ä;1
referring;1
tellitlike;1
dominance;1
increasing;1
socialmedia;1
confab;1
credit‚;1
ghana;1
ghananews;1
ca‚Ä;1
ileana;1
roslehtinen;1
wahmmo‚Ä;1
matters;1
ta‚Ä;1
codegood;1
coders;1
technologists;1
loudenback;1
tanza;1
poweredbytech;1
booms;1
galore;1
arabia;1
iran;1
paging;1
eastern;1
wintech;1
womenintech;1
wrote;1
elect;1
mayor;1
mayors;1
acct;1
direct;1
floating;1
promo;1
specialty;1
hamiltonmusical;1
secchair;1
sp‚Ä;1
aud‚Ä;1
nhc;1
audits;1
devoted;1
roughly;1
solutions‚Äù;1
‚Äúemerging;1
deutschebank;1
iifl;1
nomura;1
nse;1
tamo;1
tatamotors;1
approachable;1
inhousecounsel;1
ux‚Ä;1
legalj‚Ä;1
fleetweek;1
nyc;1
sutton;1
toys;1
introducing;1
autoluxe‚Ä;1
breaks;1
pomerantz;1
vitech;1
blight;1
tackled;1
urbaninnovation;1
to‚;1
components;1
ember;1
latter;1
chicos;1
chs;1
fundholders;1
smacks;1
ins‚Ä;1
wire;1
bac‚Ä;1
hateful;1
barry;1
mnuchin;1
sotomora;1
trials;1
youholder;1
commas;1
tragic;1
chain;1
eea;1
alpfa‚Äôs;1
latinas;1
firedupÊ;1
poweredupÊ;1
notabroker;1
cobrand;1
hyatt;1
confirming;1
edmd;1
inhouse;1
restructuring;1
europekingfisher;1
dares;1
disgusting;1
switching;1
attend;1
secretary;1
ahem;1
evident;1
labor;1
constantly;1
engaged;1
ida;1
scoop;1
tear;1
nwo‚Ä;1
commit;1
respond;1
mustard;1
seed;1
sow;1
gotten‚Ä;1
cbot;1
corn;1
delta;1
sept;1
ernie;1
maddock;1
cst;1
livestream;1
roger;1
shannon;1
trends;1
enfield;1
female‚Ä;1
hesm;1
hess;1
rupee;1
weakness;1
argentina;1
ampquotany;1
headlinesampquot;1
headlines‚Ä;1
jobshomes;1
leade‚Ä;1
ampany;1
headlinesamp;1
questforf‚Ä;1
adam‚Ä;1
bombshell‚Ä;1
azo;1
ampower;1
climbed;1
itll;1
even‚Ä;1
memorable;1
tighter;1
typed;1
realest‚Ä;1
youngadults;1
pause;1
soft;1
carter;1
expert;1
sara;1
transactions‚Ä;1
bangalore‚;1
location;1
qlikview;1
bill‚;1
insight;1
piercing;1
buses;1
jams;1
orrca;1
polticsnewz;1
jam;1
kaf;1
kia;1
stopping;1
hahaha;1
directly;1
mismo;1
parietal;1
visceral;1
yung;1
cat;1
cybersecurity‚Ä;1
gdpr;1
biomarin;1
bmrn;1
employability;1
fo‚Ä;1
trump‚Ä;1
apart;1
families;1
mssg;1
tearing;1
meaningfully;1
finally;1
prosperity;1
news‚Ä;1
ratings;1
summary;1
co‚Äôs;1
yards;1
exxonmobil;1
chesley;1
taft;1
act‚Ä;1
nederland;1
ondernemen;1
directorstalk;1
eod;1
interviews‚Ä;1
merck;1
nike;1
risers;1
jing;1
pacific;1
ulrich;1
microsoft‚Ä;1
claims;1
disputes;1
evicted;1
instead;1
interviewees;1
jaime;1
limon;1
newloans;1
promised;1
statu‚Ä;1
eligible;1
homeloanstimulus;1
meltdown;1
misused;1
modify;1
pkg;1
sameguy;1
seiz‚Ä;1
wamu;1
cch;1
coca;1
cola;1
hbc;1
ssp;1
sspg;1
balfour;1
beatty;1
zooming;1
mail;1
rmg;1
distributedledger‚Ä;1
securitylayer;1
centre‚Ä;1
flaward;1
fridays;1
interview‚Ä;1
sherylfofaria;1
shortlisted;1
goldsilver;1
exploitation;1
hacka‚Ä;1
tampcs;1
attorney;1
acc‚Ä;1
separate;1
fanfare;1
jurisprudence;1
pipes;1
wife;1
yeezys;1
southeast;1
convenient;1
renaissance;1
englishfrench;1
dakota;1
treatybased;1
‚Äúconstruction;1
alums;1
fsu;1
mentor;1
traveled;1
bronx;1
cudos;1
makeanimpact;1
goal‚Ä;1
amount;1
bankersyou;1
culpability;1
destroyed;1
disingenuous;1
eff;1
erase;1
leading‚Ä;1
mark‚Ä;1
prospect;1
visiting;1
yearup;1
yearupdfw;1
yearupdfwclass;1
pabag;1
positi‚Ä;1
bbby;1
chutzpah;1
dks;1
mik;1
prty;1
anymore;1
brokerage;1
error;1
listed;1
poverty‚Ä;1
beebis;1
programmer;1
cck;1
crown;1
mac;1
macerich;1
dickswingingly;1
hds;1
supply;1
believing;1
eats‚Ä;1
suits;1
qui‚Ä;1
beggars;1
crap;1
haircut;1
wearing;1
cardenas;1
diana;1
dress;1
addresses;1
canceled;1
nobo‚Ä;1
have‚Ä;1
fox‚Ä;1
hannity;1
sean;1
writing;1
legate;1
terrorize;1
aaaaaaa;1
evil;1
keith;1
dimis;1
theodorou;1
appalling;1
communication;1
rubbish;1
woocommerce;1
crookedit;1
square‚Äôs;1
order;1
quadrani;1
merchants;1
salad;1
simpl‚Ä;1
word;1
dcf;1
value‚Ä;1
alumni;1
intern;1
illustrate;1
outskirt;1
jamildigusted;1
jamilnew;1
rigths;1
sexevil;1
uprollyou;1
vietnam;1
grow;1
parkhub;1
parking;1
suck;1
destrongerunited;1
uwde;1
bix;1
exsilver;1
infamy;1
look‚Ä;1
queen;1
reveals;1
weir;1
artificial;1
kensho;1
series;1
valued;1
housto‚Ä;1
claiming;1
disturbing;1
kissinger;1
listened;1
vetera‚Ä;1
buthedge;1
freelance;1
mgr;1
shaw;1
deadend;1
cfd;1
cfd‚Ä;1
entry;1
sil;1
ruining;1
hierarchical;1
markowitz;1
method;1
parity;1
defections;1
mtzo;1
muni;1
towercrest;1
personal;1
correlation;1
incremental;1
low;1
quant;1
sampp‚Ä;1
focused;1
goalslori;1
innovative;1
drumroll;1
louisvilleky‚Äôs;1
am‚Ä;1
amberbaldet;1
starring;1
tiger;1
trdigital;1
walked;1
memphis;1
downside‚Ä;1
ebitda;1
fallen;1
historical;1
however;1
powerhouse;1
undeniably;1
soramit‚Ä;1
tvtradingideas;1
encrypted;1
financialplanning;1
analyzed;1
repealandreplace;1
required;1
te‚Ä;1
enable;1
involve‚Ä;1
kindly;1
regular;1
transforms;1
nation;1
catching;1
hurts;1
punched;1
repe‚Ä;1
duffampphelps;1
pomerantzllp;1
posttrade;1
star‚Ä;1
relativity;1
allin;1
smell;1
steps;1
autism;1
talented;1
believers;1
bigdataanalytics;1
msft;1
viewed;1
whether;1
kennedy;1
leader;1
teddy;1
globaled‚Ä;1
releases;1
americas;1
north;1
newspaper;1
resolved;1
asian;1
rerating;1
sustained;1
chile;1
bags;1
mobilepayments;1
banamex;1
comparatively;1
extent;1
smaller;1
tha‚Ä;1
activist;1
behalf;1
defunddapl;1
enviro;1
indigenous;1
lakota;1
ulvr;1
unilever;1
appeal;1
securities‚Äù‚Ä;1
‚Äúa;1
grainger;1
gri;1
ezjln;1
locallygrown;1
berlin;1
mampg;1
entering;1
everyday;1
matching;1
mysteriously;1
vault;1
dataprivacy;1
netneutrality;1
protect;1
votingmachineintegrity;1
decline;1
lower‚Ä;1
resumes;1
heartwalksgf;1
station;1
boss;1
hbo;1
panic;1
plepler;1
richard;1
noble;1
syep;1
biopartnering;1
coo;1
duke;1
present;1
actual;1
teslas;1
when‚Ä;1
bnyear;1
context;1
so‚Ä;1
slowdown;1
rug;1
scientist;1
sent;1
surpris;1
lies;1
lowerforlonger;1
tradeideas;1
obstruct;1
precision;1
shouldn‚Äôt;1
signs;1
curious;1
honestly;1
kinda;1
nasty;1
globalawards;1
equals;1
freemasoncoin;1
govcoin;1
israelcoin;1
nwocoin;1
spookcoin;1
priv‚Ä;1
txs;1
unusable;1
bfnewyork‚Ä;1
enhancing;1
dealer;1
primary;1
romania;1
poland;1
kelly‚Äôs;1
mugs;1
wasnt;1
prize;1
scoops;1
swing;1
complexity;1
dorotheeblessing;1
financesector;1
stimulus‚Äù‚Ä;1
alright;1
bankingtechs;1
blockchaint‚Ä;1
webconf;1
aim;1
basically;1
pass;1
signed;1
diaz;1
ruben;1
shocks;1
premises;1
builds;1
ciocmo;1
cmo;1
digitaltransformation;1
xrp‚Ä;1
enterprisesecurity;1
lady;1
momentum;1
xlm;1
comply;1
scramble;1
crush;1
crushing;1
longs;1
repeat;1
rinse;1
topped;1
airlines;1
oklahoma;1
burke;1
herbert;1
meggitt;1
mggt;1
proof;1
assetmanagement‚Ä;1
bankingtechs‚Ä;1
operations‚Ä;1
bigotry;1
fanatic;1
terrorist;1
veil;1
dash;1
rep;1
xem;1
pioneerinvestments;1
broadening;1
pmi;1
cine;1
cineworld;1
bhp;1
billiton;1
blt;1
anglo;1
arsenal;1
financier;1
kroenke;1
liverpool;1
protest;1
stad;1
summer‚;1
assetmanagers;1
beckons;1
ffasia;1
atm;1
federalreserve;1
wellsfargo;1
withdrawals;1
cebu;1
specialist‚;1
telephone;1
dxctechnology;1
ehackings;1
tech‚Ä;1
affects;1
cryptoc‚Ä;1
scalable;1
cryp‚Ä;1
progress;1
regulators;1
pivx;1
swines;1
secplc;1
giveback‚Ä;1
techn;1
charity;1
blockch‚Ä;1
mamoruio;1
incredibly;1
peaked;1
sexy;1
stabilized;1
dgb;1
zce;1
explaining;1
monitor;1
prexperians;1
web;1
communist;1
imperialistic;1
relic;1
statues;1
avison;1
bellagio;1
eponymous;1
eyzenberg;1
firm;1
gorczycki;1
recon‚Ä;1
spb;1
spectrum;1
brunswick;1
wpz;1
comm;1
commscope;1
trco;1
tribune;1
gddy;1
godaddy;1
sbny;1
signature;1
cavium;1
cavm;1
blessings;1
nisource;1
favorite;1
ily;1
advantage;1
mover;1
zcash‚Ä;1
in‚;1
birthright;1
heck;1
trillion;1
citibank‚Ä;1
derivatives‚Ä;1
gritty;1
cleary;1
murecon;1
several;1
sued;1
glassmedia;1
pizza;1
window;1
assist;1
blockchainplatform;1
cryptographicprivacytechnology;1
augmented;1
cosmic;1
keys;1
molecular;1
plugin;1
reality;1
sobro;1
thumbs;1
bailout;1
suntr‚Ä;1
bust;1
overdue;1
dorset;1
wit;1
suntrust;1
expanding;1
progra‚Ä;1
foul;1
negativity;1
sociallistening;1
appreciated;1
homepage;1
arnold;1
erisa;1
files;1
gsk‚Ä;1
itkin;1
jpmdl;1
medmal;1
sleuth;1
whoa;1
expecting;1
tom;1
dispute;1
healthit;1
healthitbuzz;1
announcement‚Ä;1
finextra;1
heavy;1
kpmgfintech;1
weight;1
alvgr;1
gonged;1
thursdays;1
wellness;1
workin;1
squeeze;1
african;1
citicorp;1
plead;1
housingwire;1
fucked;1
elsewhere;1
opens;1
presence‚Ä;1
riddance;1
stockmarketinsig‚Ä;1
us‚;1
guilt;1
prosecuted;1
saddened;1
super;1
semi;1
dsf;1
gala;1
work‚Ä;1
cares;1
arse;1
defraud;1
newsys;1
financemagnates;1
aint;1
kieran;1
display‚Ä;1
rip;1
ripoff;1
conducted;1
large‚Ä;1
shalon;1
middleclass;1
channelsfeeddigestcomnewsid;1
cnnmoneystream;1
choose;1
runs;1
currencies;1
financialchoiceact;1
remind;1
unpleasant;1
counterparty;1
easily;1
xcp;1
notably;1
knew;1
completely;1
older;1
focuses;1
institute;1
participants‚Ä;1
sdbas‚Ä;1
chegg;1
encryptinghashing;1
jpmside‚Ä;1
muster;1
entrepreneurialism;1
cab‚Ä;1
cable;1
tunnels;1
although;1
anon;1
hmph;1
distance;1
rivals;1
within;1
confidential;1
goooo;1
bpi;1
cashconcept;1
fan;1
biased;1
swear;1
transcri;1
conference‚Ä;1
impeachment;1
aramco;1
contender;1
recruits;1
stockmarket‚Ä;1
retaillong;1
assumptions;1
biology;1
gif;1
nonsense;1
placeholder;1
slip‚Ä;1
conduits;1
gses;1
giants;1
coster;1
robotics;1
cmbs;1
conduit;1
fannie;1
freddie;1
refinanced;1
giant;1
tie;1
barbara;1
santa;1
stroke;1
genesis;1
plenty;1
wanting;1
zksnark;1
influence;1
stiffs;1
strip;1
assa;1
solly;1
dmv;1
nova;1
admitted;1
court;1
mortg;1
interim;1
version;1
newslytweet;1
algerie;1
foxalgeria;1
mcgnews;1
thr;1
yousayrealestate;1
dip;1
missed;1
xbi;1
curry;1
deepens;1
naming;1
steph;1
ho‚Ä;1
million‚Ä;1
getqualified;1
xpangler;1
cypress;1
closed;1
businesses‚Ä;1
keynote;1
nationalgridplc;1
domains;1
premium;1
self;1
luxembrg;1
rugby;1
uk‚Ä;1
anecdote;1
megabits;1
trotting;1
dowjones;1
traiding;1
steem‚Ä;1
le‚Ä;1
transaction;1
conferenc‚Ä;1
spikes;1
here‚Ä;1
showcase;1
du‚Ä;1
noncall;1
creator;1
dimon‚Ä;1
blockhain;1
explosion;1
outcome;1
alive;1
awaiting;1
jan;1
analrekt;1
foxbusiness;1
foxbusine‚Ä;1
aims‚Ä;1
hence;1
amazonwebservices;1
aws;1
certification;1
z‚Ä;1
blndgb;1
bodes;1
cryptocurrencies;1
rebirth‚Ä;1
tweeters;1
using‚Ä;1
application‚Ä;1
adults‚Ä;1
guessed;1
assetmanagement;1
accepted;1
elites;1
jpmorganmarkets;1
realestateappraisal;1
allow;1
connect;1
mtg;1
dsnews;1
betting;1
emergingmarket;1
pioneers;1
lmk;1
zcashÊ;1
adopted;1
bode‚Ä;1
multiple;1
sclerosis;1
coal;1
jpmorgandupontrockefeller;1
noncall‚Ä;1
bostinno;1
brand;1
centrocredit;1
accretion;1
kissmygrits‚Ä;1
foodampwine;1
til;1
hes;1
disagree;1
notintel;1
bitnewsbot;1
thieves;1
breakout;1
esg;1
greatlakesadvisors;1
bankinginvestment;1
coming‚Ä;1
stated;1
paymentsmarket;1
wwwdo‚Ä;1
steverichfxcorp;1
fools;1
gang;1
reverse;1
archiejackson;1
mikequindazzi;1
joins‚Ä;1
basic;1
mine;1
rent;1
uni;1
lucia;1
pinogarcia;1
wintec;1
rationalization‚Ä;1
masa;1
telcom;1
networks‚Äù;1
rationalization;1
banksters;1
conspiracytheory;1
distract;1
moneylaundering;1
valid;1
comcastcharter;1
unlock;1
value‚Äù;1
‚Äúthat;1
therockcrypto;1
centrecourtmba;1
helpful;1
meetgoiz‚Ä;1
recruiter;1
disrespect;1
zookos;1
load;1
section;1
doubles;1
blockcha‚Ä;1
buyers;1
explicitly;1
nsa;1
coi‚Ä;1
academics;1
declined;1
indicates;1
chased;1
inbitcoinwetrust;1
enterpris‚Ä;1
litecoin;1
cities‚Ä;1
platfor;1
fastcoin;1
fst;1
uasociolog;1
jackpot;1
words;1
devil;1
zcash‚Äôs;1
rtgcoin;1
charlatans;1
psssst;1
democratizes;1
jphf;1
issued;1
follow‚Ä;1
trenchardhub;1
zsl;1
malware;1
overlords;1
pleased;1
trace;1
mustread;1
lsk;1
petertoddbtc;1
privac‚Ä;1
adopter;1
pretend;1
moneymanagement;1
securewealth;1
eventbased;1
pros;1
records;1
retention;1
rim;1
webinar;1
briggs;1
colleen;1
financially;1
healthy;1
enterprise‚Ä;1
agents;1
upsize;1
snap‚Ä;1
inbitco‚Ä;1
dollar‚Ä;1
btw;1
closer;1
forbes‚Ä;1
autismatwork;1
disability;1
finest;1
ford;1
hpe;1
inclusion;1
sap;1
perfect‚Ä;1
forward‚Ä;1
tm‚Ä;1
wee‚Ä;1
ideas‚Ä;1
firsthand;1
generation;1
amassed;1
boundaries;1
unconditionally;1
jungle;1
gilbert;1
niggas;1
buybacks;1
